year,player,player_id,position,player_game_count,team_name,run_plays,attempts,yards,ypa,touchdowns,grades_offense,grades_run,grades_hands_fumble,grades_run_block,yards_after_contact,yco_attempt,longest,first_downs,avoided_tackles,fumbles,penalties,declined_penalties
2014,DeMarco Murray,6223,HB,16,DAL,409,392,1845,4.7,13,80.8,78.4,53.9,61.6,996,2.54,51,86,67,5,3,0
2014,LeSean McCoy,4976,HB,16,PHI,329,311,1319,4.2,5,57.9,60.6,59.4,68,639,2.05,53,67,39,4,1,0
2014,Le'Veon Bell,7829,HB,16,PIT,312,290,1361,4.7,8,80.8,77.6,91.6,57.5,706,2.43,81,73,55,0,1,0
2014,Marshawn Lynch,3628,HB,16,SEA,325,280,1310,4.7,13,86.7,87.5,70.4,84.5,829,2.96,79,65,88,3,2,0
2014,Matt Forte,4358,HB,16,CHI,296,266,1038,3.9,6,63.6,60.8,79.5,72.3,584,2.2,32,64,32,2,2,1
2014,Alfred Morris,7165,HB,16,WAS,305,265,1078,4.1,8,62.8,65.5,74.1,53.3,675,2.55,30,48,36,2,0,0
2014,Arian Foster,5398,HB,13,HST,281,260,1246,4.8,8,71.7,71.3,75.4,54.2,736,2.83,51,52,51,2,0,0
2014,Frank Gore,2282,HB,16,SF,294,255,1103,4.3,4,62.7,62.6,72.8,85.7,585,2.29,52,55,31,2,3,0
2014,Eddie Lacy,7842,HB,16,GB,272,245,1140,4.7,9,80.8,75.1,67.2,60.1,690,2.82,44,59,49,3,0,0
2014,Justin Forsett,4547,HB,16,BLT,250,234,1270,5.4,8,72.3,68.6,84.5,59.6,543,2.32,52,56,29,1,0,0
2014,Mark Ingram II,6180,HB,13,NO,243,226,964,4.3,9,71.2,71.9,58.8,60.2,539,2.38,31,47,34,3,0,0
2014,Joique Bell,5797,HB,15,DET,253,223,860,3.9,7,66,65.5,48,68.5,584,2.62,57,43,33,4,2,0
2014,Jeremy Hill,8690,HB,16,CIN,251,222,1124,5.1,9,62.3,61.7,37.9,75.5,622,2.8,85,62,28,5,0,0
2014,Lamar Miller,7097,HB,16,MIA,257,216,1101,5.1,8,73.4,80.6,71.5,62.1,486,2.25,97,58,32,2,0,0
2014,Andre Williams,8748,HB,16,NYG,228,216,720,3.3,7,60.1,60.7,81.7,59.9,461,2.13,50,30,27,1,0,0
2014,Jamaal Charles,4387,HB,15,KC,228,205,1039,5.1,9,72.1,78.9,49.1,61,540,2.63,63,50,40,4,2,0
2014,Andre Ellington,7968,HB,12,ARZ,213,201,663,3.3,3,55.1,52.2,70,60.1,358,1.78,22,28,12,2,0,0
2014,Chris Ivory,6007,HB,16,NYJ,236,198,820,4.1,6,72,77.3,53.4,63.4,487,2.46,71,42,52,2,3,0
2014,Steven Jackson,1745,HB,15,ATL,194,190,707,3.7,6,76.8,71.3,90.6,73.9,512,2.69,55,37,29,0,1,0
2014,Tre Mason,8710,HB,12,SL,203,179,772,4.3,4,65.8,66.7,64.2,60.3,400,2.23,89,36,28,2,1,0
2014,C.J. Anderson,8101,HB,15,DEN,198,179,849,4.7,8,85.1,86.8,80.8,73.1,455,2.54,27,47,44,1,0,0
2014,Jonathan Stewart,4327,HB,13,CAR,221,175,800,4.6,3,76.5,72.8,78.3,63.1,455,2.6,69,43,40,1,1,0
2014,Terrance West,8729,HB,14,CLV,186,171,673,3.9,4,58.9,59.6,62,73.7,379,2.22,36,30,25,2,1,0
2014,Alfred Blue,8816,HB,16,HST,187,168,523,3.1,2,55.1,54.7,90.6,80.3,333,1.98,46,29,12,0,0,0
2014,Giovani Bernard,7818,HB,13,CIN,200,168,680,4,5,69.1,63.4,90.6,71.2,421,2.51,89,32,23,0,2,0
2014,Rashad Jennings,5174,HB,11,NYG,172,167,639,3.8,4,58.5,61.1,63.3,60,375,2.25,18,38,19,1,1,0
2014,Matt Asiata,6432,HB,15,MIN,188,164,570,3.5,9,53.4,52.2,83.3,63.9,336,2.05,19,34,12,1,1,0
2014,Branden Oliver,9286,HB,14,SD,164,159,581,3.7,3,75.3,68.5,90.5,60,356,2.24,52,30,22,0,0,0
2014,Trent Richardson,7009,HB,15,IND,179,158,515,3.3,3,61.3,58.1,62,61,367,2.32,27,25,29,2,0,0
2014,Chris Johnson,4338,HB,16,NYJ,193,155,663,4.3,1,54.8,52.9,76.1,74.3,404,2.61,47,21,18,1,0,0
2014,Darren McFadden,4318,HB,16,OAK,175,154,530,3.4,2,60.2,56.1,78,70.2,285,1.85,25,20,11,1,3,3
2014,Bishop Sankey,8689,HB,16,TEN,160,152,575,3.8,2,64.8,64.8,62.1,59.1,382,2.51,22,27,29,2,0,0
2014,Isaiah Crowell,9295,HB,15,CLV,159,148,607,4.1,8,53.8,53.8,45.5,60,277,1.87,35,35,9,3,0,0
2014,Fred Jackson,3368,HB,14,BUF,158,141,525,3.7,2,71.3,72.2,51.8,59.4,319,2.26,38,24,20,3,0,0
2014,Denard Robinson,7917,HB,13,JAX,169,135,582,4.3,4,55.9,55.5,56.8,55.8,285,2.11,41,23,8,2,0,0
2014,Doug Martin,7035,HB,11,TB,143,134,503,3.8,2,58.7,60,90,60,290,2.16,63,22,8,0,1,1
2014,Knile Davis,7878,HB,16,KC,143,134,463,3.5,6,45.2,48.5,31.8,60.9,277,2.07,48,23,19,4,1,0
2014,LeGarrette Blount,5863,HB,16,NE,143,125,547,4.4,5,73.8,71.6,73.2,61,398,3.18,50,30,19,1,0,0
2014,Ben Tate,5583,HB,11,MIN,125,119,371,3.1,4,45.5,46.1,89.3,59.8,215,1.81,25,18,18,0,1,0
2014,Russell Wilson,7077,QB,16,SEA,469,66,854,7.2,6,73.1,69.7,35.6,60,278,2.36,55,45,16,10,7,0
2014,Jerick McKinnon,8731,HB,11,MIN,121,113,538,4.8,0,68.4,70.6,89.5,59.8,296,2.62,55,21,14,0,0,0
2014,Ronnie Hillman,7069,HB,8,DEN,116,106,441,4.2,3,51.8,54.7,69.3,79.6,179,1.69,37,20,15,1,0,0
2014,Anthony Dixon,5696,HB,13,BUF,115,105,432,4.1,2,65.7,63.6,71,59.9,264,2.51,47,13,17,1,0,0
2014,Colin Kaepernick,6188,QB,16,SF,420,57,633,6,1,64.5,56.3,53.9,60,347,3.3,90,30,14,8,7,0
2014,Cam Newton,6153,QB,14,CAR,367,71,539,5.2,5,76,68.6,57,60,206,2,22,45,4,9,2,0
2014,Toby Gerhart,5576,HB,14,JAX,108,101,326,3.2,2,48.4,43.9,67.7,59,220,2.18,23,24,10,1,0,0
2014,Shane Vereen,6208,HB,16,NE,119,96,391,4.1,2,61.7,53.7,89.3,58.6,176,1.83,19,15,12,0,0,0
2014,Shonn Greene,4988,HB,13,TEN,103,94,392,4.2,2,46,49.7,63,60.8,229,2.44,52,18,9,1,0,0
2014,Stevan Ridley,6225,HB,6,NE,105,94,340,3.6,2,63,63,87.5,60,166,1.77,43,16,7,0,0,0
2014,Bobby Rainey Jr.,7511,HB,12,TB,98,94,406,4.3,1,57.5,59.5,35.1,60,188,2,31,22,18,3,0,0
2014,Bernard Pierce,7085,HB,13,BLT,105,93,366,3.9,2,51.3,53,62.4,60,194,2.09,28,20,7,1,0,0
2014,Ahmad Bradshaw,3866,HB,10,IND,100,90,425,4.7,2,75.5,73,29.4,76.5,257,2.86,29,18,21,3,0,0
2014,Jonas Gray,7393,HB,8,NE,96,89,412,4.6,5,74.7,72.5,87,60,211,2.37,20,27,12,0,0,0
2014,James Starks,5716,HB,16,GB,94,85,340,4,2,54.7,55.9,63.7,59.9,231,2.72,41,16,19,1,1,0
2014,Donald Brown,4950,HB,13,SD,88,85,223,2.6,0,56.5,54.5,89.6,60.7,183,2.15,16,11,12,0,0,0
2014,Carlos Hyde,8692,HB,14,SF,109,83,333,4,4,65.1,68.5,65.6,60.3,234,2.82,28,16,25,1,1,0
2014,Latavius Murray,7962,HB,11,OAK,90,82,424,5.2,2,65.3,67.5,68.4,60.1,161,1.96,90,18,6,1,1,0
2014,Dan Herron,7179,HB,12,IND,89,78,351,4.5,1,68.7,68.5,41.1,60.4,160,2.05,49,17,8,2,0,0
2014,C.J. Spiller,5534,HB,9,BUF,86,78,300,3.8,0,55.5,51.1,28.3,60.6,132,1.69,53,13,11,3,1,0
2014,Zac Stacy,7942,HB,11,SL,83,76,298,3.9,1,63.6,60.9,35.8,60.4,174,2.29,16,13,7,2,0,0
2014,Khiry Robinson,8514,HB,10,NO,87,76,362,4.8,3,79.5,77.6,59.5,60.2,206,2.71,62,23,21,1,0,0
2014,Reggie Bush,2947,HB,11,DET,81,76,297,3.9,2,73.6,71.5,87.3,71.7,167,2.2,26,9,15,0,0,0
2014,Robert Turbin,7106,HB,16,SEA,117,74,310,4.2,0,66.9,65.6,60.1,50.8,162,2.19,17,17,9,1,1,0
2014,Ryan Mathews,5537,HB,6,SD,84,74,333,4.5,3,69.1,66.2,60.6,60.5,205,2.77,32,17,15,1,0,0
2014,Lorenzo Taliaferro,8773,HB,12,BLT,76,68,292,4.3,4,63.1,61.1,56.1,59.7,165,2.43,31,17,12,1,0,0
2014,Benny Cunningham,8283,HB,16,SL,76,66,246,3.7,3,66.5,59,54.2,57.7,131,1.98,20,12,8,1,0,0
2014,Charles Sims,8704,HB,8,TB,67,66,185,2.8,1,52.5,47.9,32.8,60,90,1.36,20,10,6,2,0,0
2014,Devonta Freeman,8738,HB,16,ATL,68,65,257,4,1,69.1,56.7,61.8,60,142,2.18,31,10,10,1,0,0
2014,Andrew Luck,7007,QB,16,IND,345,27,263,4.1,3,77.5,67.7,56.6,60,62,0.97,20,19,4,12,3,0
2014,Stepfan Taylor,7922,HB,14,ARZ,73,63,208,3.3,1,62.8,57.1,85.3,60.3,128,2.03,21,13,6,0,1,1
2014,DeAngelo Williams,2972,HB,6,CAR,68,62,222,3.6,0,69.8,67.6,53.4,59.7,133,2.15,17,6,10,1,0,0
2014,Andy Dalton,6187,QB,16,CIN,463,42,164,2.7,4,69.4,51.2,76.4,60.3,34,0.57,20,21,0,3,1,0
2014,Geno Smith,7820,QB,14,NYJ,355,28,240,4.1,1,57.1,40.2,41,62.4,98,1.66,18,18,6,7,3,1
2014,Jacquizz Rodgers,6297,HB,16,ATL,64,58,217,3.7,1,68.8,56.9,62.6,91.1,129,2.22,17,12,4,1,2,0
2014,Darren Sproles,2347,HB,15,PHI,73,57,329,5.8,6,66.5,54.6,60.1,61.1,115,2.02,49,18,14,2,0,0
2014,Ryan Tannehill,7014,QB,16,MIA,366,48,309,5.5,1,75.6,49.6,56.7,60,123,2.2,40,18,5,9,2,0
2014,Blake Bortles,8638,QB,14,JAX,299,36,418,7.5,0,46.7,65.6,62,60.7,109,1.95,34,28,5,7,6,0
2014,Montee Ball,7839,HB,5,DEN,65,55,172,3.1,1,62.2,61.9,53.1,81,119,2.16,23,9,14,1,0,0
2014,Juwan Thompson,8955,HB,14,DEN,67,54,272,5,3,66,68.7,49.7,69.5,141,2.61,47,17,9,1,0,0
2014,Kerwynn Williams,8013,HB,4,ARZ,55,53,246,4.6,0,59.5,63.8,46.2,59.3,133,2.51,19,11,10,1,0,0
2014,Joseph Randle,7933,HB,14,DAL,52,51,344,6.7,3,74.4,70.5,27.2,60,214,4.2,65,13,9,2,0,0
2014,Alex Smith,2218,QB,15,KC,350,14,254,5.1,1,72.9,47.6,78.2,60,91,1.82,25,12,2,5,2,0
2014,Ryan Fitzpatrick,2467,QB,12,HST,328,18,184,3.7,2,74.5,55.8,60.6,60,104,2.08,16,13,4,5,4,0
2014,Teddy Bridgewater,8667,QB,13,MIN,288,14,209,4.4,1,75.6,63.8,89.8,60,79,1.68,16,13,2,3,5,0
2014,Chris Polk,7532,HB,9,PHI,57,46,172,3.7,4,64.6,63.3,51,60,109,2.37,22,12,6,0,0,0
2014,Pierre Thomas,4080,HB,11,NO,49,45,223,5,2,76.4,70.4,84.9,60,99,2.2,27,13,8,0,1,0
2014,Daniel Thomas,6214,HB,12,MIA,49,44,168,3.8,2,66.3,61.9,47.8,60.1,92,2.09,15,9,5,1,0,0
2014,Aaron Rodgers,2241,QB,16,GB,360,14,269,6.3,2,93.3,88.3,61,60,64,1.49,19,20,1,9,5,0
2014,Matthew Stafford,4924,QB,16,DET,378,26,93,2.2,2,69,53.7,76.8,60,25,0.58,18,8,2,8,3,0
2014,Maurice Jones-Drew,3005,HB,12,OAK,47,43,103,2.4,0,47.8,42,45.1,60,69,1.6,13,2,5,1,0,0
2014,Joe Flacco,4332,QB,16,BLT,433,31,70,1.8,2,77.2,43.8,71.4,60,15,0.38,15,17,0,5,2,0
2014,Roy Helu,6257,HB,14,WAS,51,40,216,5.4,1,66.5,70.6,29.7,60.2,137,3.43,18,10,17,2,1,1
2014,Dexter McCluster,5561,HB,14,TEN,46,40,131,3.3,0,66.9,57,87.3,73.9,75,1.88,16,7,5,0,0,0
2014,Jay Cutler,2956,QB,15,CHI,296,20,191,4.9,2,64.5,67.9,43.2,60,22,0.56,25,14,1,11,5,0
2014,Jonathan Grimes,7585,HB,11,HST,49,39,153,3.9,0,60.8,59.3,81.8,60.1,84,2.15,11,5,2,0,0,0
2014,Robert Griffin III,7008,QB,9,WAS,172,20,184,4.8,1,47.6,38.6,25.6,60,89,2.34,23,11,5,9,3,0
2014,Mike Tolbert,4740,FB,8,CAR,85,37,78,2.1,0,50.6,50.6,84.8,54,58,1.57,15,4,4,0,1,1
2014,Philip Rivers,1725,QB,16,SD,366,17,101,2.7,0,77.8,46.9,72.5,60,22,0.59,17,9,2,8,2,0
2014,Tavon Austin,7789,WR,15,SL,182,36,224,6.2,2,59.9,72.8,67.3,60.6,52,1.44,19,11,7,0,2,0
2014,Bryce Brown,7213,HB,7,BUF,36,36,126,3.5,0,65.5,53,47.7,,77,2.14,14,6,3,1,0,0
2014,Ka'Deem Carey,8752,HB,13,CHI,45,36,158,4.4,0,52.7,52.5,81.2,55,88,2.44,15,11,5,0,0,0
2014,Damien Williams,9205,HB,15,MIA,45,36,122,3.4,0,81.1,76.4,85.9,60.1,68,1.89,19,6,6,0,0,0
2014,Tom Brady,698,QB,16,NE,395,27,53,1.5,0,84.3,51.3,80.1,60,17,0.47,17,11,0,5,2,0
2014,Mark Sanchez,4928,QB,9,PHI,263,23,75,2.1,1,58.9,42.9,54.3,60,23,0.66,15,5,1,7,3,0
2014,Christine Michael,7843,HB,10,SEA,50,34,175,5.1,0,62.9,62,30.8,60.9,105,3.09,45,11,8,1,0,0
2014,Bilal Powell,6278,HB,15,NYJ,51,33,141,4.3,1,61.6,56.3,81.6,69.8,61,1.85,15,7,3,0,0,0
2014,Percy Harvin,4945,WR,13,NYJ,223,33,217,6.6,1,75.9,73.4,29,60.2,147,4.45,51,11,8,1,1,0
2014,Fozzy Whittaker,8547,HB,8,CAR,34,32,145,4.5,1,71,67.9,85.7,60,70,2.19,17,8,5,0,0,0
2014,Ben Roethlisberger,1732,QB,16,PIT,407,25,27,0.8,0,86.6,29.4,54.1,60,10,0.31,8,5,0,9,3,0
2014,Jordan Todman,6335,HB,16,JAX,46,32,186,5.8,1,66.6,72.2,88.5,59.8,123,3.84,62,5,7,0,0,0
2014,Knowshon Moreno,4935,HB,3,MIA,35,31,148,4.8,1,57,59.8,79.8,60,79,2.55,15,8,6,0,0,0
2014,Darrin Reaves,9006,HB,5,CAR,51,31,78,2.5,0,50.5,50.4,80.7,56.8,47,1.52,9,3,4,0,0,0
2014,Storm Johnson,8856,HB,6,JAX,31,29,86,3,2,55.4,58.6,79.8,60,51,1.76,20,5,1,0,0,0
2014,Lance Dunbar,7332,HB,16,DAL,34,29,99,3.4,0,69.5,60.2,81.6,60,55,1.9,14,5,3,0,0,0
2014,Matt Ryan,4317,QB,16,ATL,335,5,145,5,0,84.8,63.8,74.1,60,60,2.07,15,10,2,5,1,0
2014,Derek Carr,8671,QB,16,OAK,314,17,92,3.2,0,50.3,27.4,45.5,60.7,7,0.24,41,10,0,10,10,1
2014,Brandon Bolden,7469,HB,11,NE,32,28,89,3.2,1,57.3,58,79.5,60,48,1.71,17,4,6,0,0,0
2014,Drew Brees,802,QB,16,NO,392,13,50,1.9,1,89.1,48.5,70.3,60,11,0.41,13,6,0,7,3,0
2014,Brian Hoyer,5277,QB,14,CLV,405,16,26,1,0,59,36.6,83.3,60,8,0.31,11,5,0,4,2,0
2014,Peyton Hillis,4541,HB,6,NYG,26,26,116,4.5,0,54.1,52.6,79.8,60,60,2.31,16,4,4,0,0,0
2014,Peyton Manning,327,QB,16,DEN,418,24,-26,-1,0,79.5,56.3,92.2,60,8,0.32,4,0,0,5,5,2
2014,Michael Vick,773,QB,10,NYJ,112,12,148,5.9,0,35.3,54.5,23.8,61.5,31,1.24,24,10,2,5,5,0
2014,Josh McCown,1085,QB,11,TB,214,6,123,4.9,3,54.7,72.1,52.7,60.2,33,1.32,16,10,2,8,2,0
2014,Tony Romo,1693,QB,15,DAL,453,16,61,2.4,0,83.2,61.7,63.1,60,31,1.24,21,4,1,6,7,0
2014,Drew Stanton,3659,QB,9,ARZ,169,14,63,2.5,0,51,61.2,80.9,60,11,0.44,13,5,0,1,3,1
2014,John Kuhn,2686,FB,16,GB,134,24,85,3.5,1,73.2,62.5,78.8,80.9,60,2.5,11,4,1,0,2,0
2014,Antone Smith,5440,HB,10,ATL,29,23,144,6.3,2,78.4,64.8,29.7,78.4,75,3.26,48,7,4,1,0,0
2014,Jake Locker,6160,QB,7,TEN,107,5,142,6.5,1,47.9,64.8,71.1,60,49,2.23,29,10,3,3,1,0
2014,Joe Banyard,7361,HB,9,MIN,26,21,88,4.2,0,69.9,67.2,82.9,60,41,1.95,16,4,0,0,0,0
2014,Adrian Peterson,3623,HB,1,MIN,24,21,78,3.7,0,58.4,56.8,78.2,59.9,34,1.62,17,3,4,0,0,0
2014,Marcel Reece,4702,FB,15,OAK,126,21,85,4,0,54.3,50.9,45,57.5,50,2.38,11,5,1,1,4,1
2014,Theo Riddick,7980,HB,13,DET,24,20,51,2.6,0,79.1,76.4,81.4,60,46,2.3,9,2,8,0,0,0
2014,Charlie Whitehurst,3026,QB,7,TEN,126,7,90,4.5,0,68.7,59.2,90.2,60,55,2.75,23,6,0,3,3,0
2014,Ronnie Brown,2219,HB,9,SD,20,20,63,3.2,0,59.7,57.4,78,,27,1.35,11,5,3,0,0,0
2014,Mike James,7970,HB,7,TB,25,19,37,1.9,0,56.2,66.7,26,69.7,35,1.84,9,4,3,0,0,0
2014,George Winn,8123,HB,8,DET,23,19,73,3.8,0,55,67.4,87.7,60,52,2.74,16,4,1,0,0,0
2014,Jonathan Dwyer,5711,HB,2,ARZ,19,16,51,3.2,1,51.8,50,76.9,60,29,1.81,20,3,2,0,0,0
2014,Colt McCoy,5609,QB,5,WAS,76,11,69,4.3,1,61.5,60.2,48.3,60,36,2.25,20,4,4,5,3,0
2014,Nick Foles,7089,QB,8,PHI,185,9,68,4.3,0,64.7,44.9,60.5,60,26,1.63,14,7,1,4,0,0
2014,DuJuan Harris,6595,HB,9,GB,32,16,64,4,0,59,59.1,82.8,60,36,2.25,12,5,3,0,0,0
2014,E.J. Manuel,7797,QB,5,BUF,104,6,52,3.3,1,54.3,39.4,66.9,60,7,0.44,8,2,0,1,1,0
2014,Silas Redd,8900,HB,8,WAS,17,16,75,4.7,1,63.5,51.4,30.8,60,26,1.63,14,7,1,1,0,0
2014,Marion Grice,8835,HB,7,ARZ,18,15,41,2.7,1,68.2,66.5,77.3,60,34,2.27,8,3,3,0,0,0
2014,Austin Davis,7305,QB,10,SL,210,9,36,2.4,0,60.2,55,74.1,60,0,0,12,1,0,4,3,0
2014,Danny Woodhead,4914,HB,3,SD,19,15,38,2.5,0,57.9,53.3,76.5,60,27,1.8,13,2,2,0,0,0
2014,Kyle Orton,2323,QB,12,BUF,283,10,14,0.9,1,57.7,51.3,71.5,60,5,0.33,10,2,0,3,3,0
2014,Cedric Peerman,5109,HB,7,CIN,17,14,43,3.1,0,56.4,52.2,75.8,60,26,1.86,21,2,0,0,0,0
2014,Chris Ogbonnaya,5135,HB,5,NYG,17,14,50,3.6,1,54.6,62.3,75.1,60,28,2,9,3,1,0,0,0
2014,De'Anthony Thomas,8759,HB,12,KC,77,13,96,7.4,0,73.8,75.3,89,64.2,22,1.69,26,3,3,0,0,0
2014,Leon Washington,3062,HB,16,TEN,13,13,57,4.4,0,60.4,54.2,29.6,60,25,1.92,16,1,1,0,2,1
2014,Eli Manning,1722,QB,16,NYG,429,6,31,2.6,1,70.9,58.6,66.2,60,3,0.25,18,3,0,7,4,0
2014,Randall Cobb,6216,WR,16,GB,302,11,37,3.4,0,82.7,53.8,64.4,54.5,19,1.73,12,1,2,1,0,0
2014,Travaris Cadet,7457,HB,15,NO,12,10,32,3.2,0,59.8,39.8,27.9,60,19,1.9,8,1,0,2,0,0
2014,Shaun Draughn,6440,HB,2,CLV,10,10,19,1.9,0,46.6,48.3,77.8,,12,1.2,6,0,0,0,0,0
2014,Julian Edelman,5156,WR,14,NE,244,10,94,9.4,0,75.8,66.3,47.6,62.1,29,2.9,25,7,1,2,1,0
2014,Case Keenum,7323,QB,2,HST,72,5,35,3.5,0,54.7,51.1,84.7,61.2,4,0.4,13,6,0,1,0,0
2014,Zurlon Tipton,9164,HB,2,IND,14,10,18,1.8,0,58.5,44.9,75.2,60,14,1.4,9,0,0,0,0,0
2014,Shaun Hill,1255,QB,9,SL,176,7,9,0.9,1,60,43.8,36.1,60,2,0.2,9,1,0,7,2,0
2014,Jimmy Garoppolo,8697,QB,6,NE,32,8,9,0.9,0,53,61.8,80.2,60.2,32,3.2,9,2,0,0,0,0
2014,Dri Archer,8732,HB,12,PIT,12,10,40,4,0,55,63.9,79.4,60,12,1.2,15,2,0,0,0,0
2014,Matt Flynn,4523,QB,7,GB,46,10,-10,-1,0,46,62.5,33.3,60,0,0,0,0,0,1,0,0
2014,Cordarrelle Patterson,7810,WR,16,MIN,176,10,117,11.7,1,67.2,82.4,58.1,74.4,90,9,67,4,10,0,2,0
2014,James White,8765,HB,3,NE,11,9,38,4.2,0,53.3,48.5,74.3,60,11,1.22,11,1,0,0,0,0
2014,Rex Burkhead,7971,HB,6,CIN,10,9,27,3,1,58.1,48.5,74.8,60,16,1.78,10,1,0,0,0,0
2014,Darrel Young,5438,FB,16,WAS,133,9,22,2.4,3,81.3,65.9,81.3,70.6,11,1.22,14,6,0,0,0,0
2014,Johnny Manziel,8657,QB,5,CLV,28,4,29,3.2,1,47.5,58.9,80.7,60,14,1.56,10,1,1,1,0,0
2014,Orleans Darkwa,9173,HB,5,NYG,14,9,23,2.6,1,66.3,65.1,74.7,60,27,3,12,1,2,0,0,0
2014,Josh Harris,9076,HB,3,PIT,15,9,16,1.8,0,60.7,60.4,72.7,60,13,1.44,4,1,0,0,0,0
2014,Cyrus Gray,7655,HB,6,KC,10,8,31,3.9,1,59.8,64.8,73.3,60,15,1.88,6,1,1,0,0,0
2014,Mike Glennon,7854,QB,6,TB,114,2,49,6.1,0,66.2,48.8,90.3,60,3,0.38,19,3,0,1,3,0
2014,Jed Collins,4743,FB,16,DET,146,8,19,2.4,0,67,60.5,73.8,73.9,12,1.5,3,5,0,0,2,0
2014,Carson Palmer,1317,QB,6,ARZ,151,4,25,3.1,0,72.1,62.6,77,60.2,16,2,12,1,1,2,4,1
2014,Corey Brown,8986,WR,13,CAR,110,8,95,11.9,0,69.3,72.1,27.4,70.9,14,1.75,28,3,1,0,1,0
2014,Matt Hasselbeck,408,QB,4,IND,33,8,-11,-1.4,0,67.3,57.1,81.6,60,0,0,0,0,0,1,1,0
2014,Derek Anderson,2430,QB,6,CAR,71,5,24,3,0,70,29.2,31,60,3,0.38,8,3,0,2,1,0
2014,Brock Osweiler,7059,QB,4,DEN,22,6,0,0,0,61.5,52.7,75.5,60,3,0.38,4,0,0,0,1,0
2014,Emmanuel Sanders,5606,WR,16,DEN,372,8,44,5.5,0,87.9,59.9,61.8,55.9,12,1.5,13,3,1,1,5,0
2014,Matt Cassel,2447,QB,3,MIN,52,5,18,2.3,0,48.8,65.6,28.4,60,22,2.75,13,1,0,2,0,0
2014,Austin Johnson,8438,FB,7,NO,70,8,22,2.8,0,71.5,61.1,72.9,68.1,14,1.75,8,5,1,0,0,0
2014,Robert Hughes,6564,HB,15,ARZ,77,7,11,1.6,0,64.8,65.4,74.7,60.3,7,1,5,3,0,0,0,0
2014,Alfonso Smith,5877,HB,3,SF,12,7,19,2.7,0,51.5,53.3,72.7,60,7,1,12,1,0,0,0,0
2014,Brandin Cooks,8655,WR,10,NO,153,7,73,10.4,1,68.8,62,51.3,62.3,4,0.57,28,4,0,0,0,0
2014,Odell Beckham Jr.,8647,WR,12,NYG,263,6,35,5,0,90.8,60.5,87.3,65.3,11,1.57,13,2,2,0,2,0
2014,Trey Watts,8950,HB,6,SL,9,7,30,4.3,0,59.7,55,72.7,60,17,2.43,9,2,1,0,0,0
2014,Connor Shaw,9036,QB,1,CLV,27,5,9,1.3,0,42.2,43.4,29,60,1,0.14,7,1,0,1,1,0
2014,Kirk Cousins,7102,QB,6,WAS,128,6,20,2.9,0,58.1,45.5,75.5,60,3,0.43,12,3,0,2,4,0
2014,Mohamed Sanu,7084,WR,16,CIN,415,7,51,7.3,0,67.6,58.4,81.8,70.2,13,1.86,26,2,1,0,2,0
2014,Henry Hynoski,6666,FB,16,NYG,168,7,13,1.9,0,83.8,58,71.9,83.1,7,1,4,4,0,0,0,0
2014,Alshon Jeffery,7048,WR,16,CHI,282,6,33,5.5,0,76.6,35,57,88.7,29,4.83,12,1,1,1,6,0
2014,John Conner,5662,FB,12,NYJ,98,6,20,3.3,0,69.4,57.8,81.3,69.3,15,2.5,13,1,1,0,0,0
2014,Brandon Weeden,7028,QB,5,DAL,43,4,-1,-0.2,0,50.1,46.6,80.6,60,4,0.67,1,0,0,1,0,0
2014,Bruce Miller,6363,FB,16,SF,263,6,9,1.5,0,83,32.8,26.9,86.2,2,0.33,4,2,0,1,1,0
2014,Fitzgerald Toussaint,9244,HB,3,BLT,6,6,12,2,0,57.8,53.7,73.7,,-1,-0.17,12,1,0,0,0,0
2014,Jeremy Stewart,7534,HB,3,DEN,7,6,22,3.7,0,48.7,50.4,71.4,60,6,1,16,1,0,0,0,0
2014,Devin Hester,3002,WR,16,ATL,68,6,36,6,1,64.3,56,70.6,48.9,10,1.67,20,1,1,1,2,0
2014,Bruce Ellington,8741,WR,12,SF,37,6,28,4.7,1,67.1,64,89.6,76,16,2.67,15,2,2,0,0,0
2014,Frank Summers,5093,FB,10,BUF,76,6,17,2.8,1,50.8,63.3,73.6,50.4,11,1.83,4,4,0,0,0,0
2014,Jackie Battle,3885,FB,16,TEN,74,5,9,1.8,1,77,63.4,80.8,72.4,8,1.6,5,4,0,0,0,0
2014,Jarius Wright,7118,WR,16,MIN,132,5,71,14.2,0,70.8,64.1,79.4,63.8,14,2.8,27,3,1,0,0,0
2014,LaMichael James,7063,HB,3,MIA,5,5,9,1.8,0,62.5,63.1,69.7,60,13,2.6,5,0,2,0,0,0
2014,Ryan Mallett,6226,QB,3,HST,77,5,-2,-0.4,0,50.2,54.1,84,60,1,0.2,2,2,0,0,0,0
2014,Golden Tate,5585,WR,16,DET,251,5,30,6,0,79.3,55.7,59.8,50.9,7,1.4,13,1,1,1,1,0
2014,Tom Savage,8770,QB,2,HST,34,5,-6,-1.2,0,52.1,30.6,19.3,60,0,0,1,0,0,2,0,0
2014,Zach Mettenberger,8813,QB,7,TEN,90,4,4,0.8,0,56.7,61.2,90.1,60,16,3.2,8,1,0,4,1,0
2014,Jeremy Kerley,6305,WR,16,NYJ,285,4,86,21.5,0,61.6,75.5,85.6,82.6,11,2.75,37,2,0,0,1,1
2014,Damaris Johnson,7530,WR,16,HST,216,5,19,3.8,0,55.1,48.5,44.5,63.8,3,0.6,12,1,0,1,2,1
2014,Trey Burton,9185,TE,1,PHI,5,5,10,2,0,53.2,54.6,69.7,,4,0.8,4,0,0,0,0,0
2014,Chase Daniel,5214,QB,3,KC,31,3,15,3.8,0,68.1,73.6,78.9,60,4,1,9,1,0,0,0,0
2014,Dwayne Harris,6328,WR,16,DAL,108,4,7,1.8,0,72.9,46.6,61.3,67.3,10,2.5,9,0,2,0,0,0
2014,Tyrod Taylor,6332,QB,1,BLT,6,4,-3,-0.8,0,34.1,41.6,19.3,60,0,0,0,0,0,1,0,0
2014,Antonio Brown,5718,WR,16,PIT,380,4,13,3.3,0,91.2,71.9,72.5,63,22,5.5,9,0,3,1,5,1
2014,Kendall Wright,7026,WR,14,TEN,177,4,54,13.5,0,70.8,70.6,44.5,58.8,27,6.75,38,2,1,1,3,2
2014,Christian Ponder,6164,QB,2,MIN,32,1,16,4,1,49.6,68.4,81.2,60,8,2,8,2,1,0,1,0
2014,Mike Wallace,5007,WR,16,MIA,274,4,17,4.3,0,72.5,34,27.4,63.4,2,0.5,12,1,0,2,2,0
2014,Markus Wheaton,7860,WR,16,PIT,236,4,19,4.8,0,68.9,71.5,84.3,60.3,4,1,12,2,1,0,0,0
2014,Jerome Felton,4460,FB,16,MIN,131,4,27,6.8,0,85.6,74.3,82,80.3,17,4.25,21,2,1,0,0,0
2014,Chad Henne,4371,QB,3,JAX,38,2,25,6.3,0,46.9,59.8,85,60,1,0.25,12,2,0,2,0,0
2014,DeSean Jackson,4363,WR,15,WAS,238,4,7,1.8,0,74.9,51.4,81,48.3,3,0.75,9,1,0,0,2,0
2014,Michael Cox,8036,HB,2,NYG,4,4,33,8.3,0,64.3,66.2,77.7,,10,2.5,17,1,1,0,0,0
2014,Donte Moncrief,8725,WR,16,IND,134,4,17,4.3,0,72,53.1,78,76.5,7,1.75,7,0,0,0,0,0
2014,John Brown,8726,WR,16,ARZ,153,3,-6,-2,0,69.7,48.4,79.8,69,0,0,2,0,0,0,2,0
2014,Travis Benjamin,7100,WR,16,CLV,178,3,11,3.7,0,68.8,63,44.8,53.8,12,4,10,1,1,0,0,0
2014,Eddie Royal,4356,WR,16,SD,205,3,14,4.7,0,72.2,58,54.2,73.6,8,2.67,15,1,0,1,3,0
2014,Jimmy Clausen,5573,QB,4,CHI,35,1,9,3,0,59.1,60.7,81,60,1,0.33,4,1,0,0,1,0
2014,James Develin,6142,FB,16,NE,168,3,5,1.7,0,74.9,69,71.3,77.1,4,1.33,5,0,0,0,0,0
2014,Marqise Lee,8674,WR,13,JAX,141,3,9,3,0,61.4,66.2,78.3,61.7,7,2.33,5,1,1,0,2,2
2014,Andrew Hawkins,6125,WR,15,CLV,217,3,15,5,0,83.5,58.4,81.3,83.3,4,1.33,8,0,0,0,2,1
2014,Ted Ginn Jr.,3625,WR,16,ARZ,19,3,6,2,0,67.6,67.5,88.5,61,9,3,4,0,1,0,0,0
2014,Marquise Goodwin,7859,WR,10,BUF,26,3,8,2.7,0,51.4,57.6,23.3,57.7,0,0,12,1,0,1,0,0
2014,Jacoby Jones,3689,WR,14,BLT,68,3,16,5.3,0,55.9,65.6,70,61.5,6,2,11,2,1,0,0,0
2014,Chris Thompson,7936,HB,2,WAS,3,3,12,4,0,66,64.9,71.3,,4,1.33,7,0,0,0,0,0
2014,James Wright,8873,WR,11,CIN,63,3,30,10,0,60.8,72.4,70.9,67.7,22,7.33,13,2,2,0,0,0
2014,Brandon Tate,5006,WR,16,CIN,195,3,21,7,0,64.2,75,51.4,84.5,21,7,12,1,2,0,0,0
2014,Erik Lorig,5775,FB,10,NO,93,3,4,1.3,0,51.2,38,21.4,57.2,4,1.33,4,0,0,1,0,0
2014,Jorvorskie Lane,7002,FB,9,TB,57,3,58,19.3,0,69,58,68.2,77.6,11,3.67,54,1,0,0,0,0
2014,Martavis Bryant,8753,WR,10,PIT,82,3,12,4,0,74.8,58,76.6,68.8,4,1.33,9,0,1,0,0,0
2014,Matt Barkley,7880,QB,1,PHI,5,3,0,0,0,46.7,60.5,68.2,60,0,0,0,0,0,0,0,0
2014,Anthony Sherman,6288,FB,16,KC,160,2,8,4,0,87.8,61.3,72.3,87.7,4,2,4,1,0,0,0,0
2014,Will Johnson,7639,FB,16,PIT,130,2,0,0,0,73.2,56.9,70.3,72.8,0,0,0,0,0,0,0,0
2014,Ryan Nassib,7892,QB,4,NYG,11,2,-3,-1.5,0,42.4,60,22.8,60,0,0,0,0,0,1,0,0
2014,Jamize Olawale,7572,FB,15,OAK,77,2,0,0,0,67.8,55.9,70,65.1,1,0.5,0,0,0,0,0,0
2014,Josh Morgan,4488,WR,14,CHI,147,2,30,15,0,52.5,68.5,72.7,88.9,4,2,21,1,0,0,2,0
2014,A.J. Green,6156,WR,13,CIN,267,2,7,3.5,0,84.3,29.5,23.6,67.6,0,0,5,0,0,3,6,0
2014,Jermaine Kearse,7428,WR,15,SEA,323,2,15,7.5,0,65.2,69.1,78.3,58.5,11,5.5,11,1,1,0,2,0
2014,Matt Moore,4018,QB,2,MIA,25,2,-2,-1,0,55.5,60,69.5,60,0,0,0,0,0,0,0,0
2014,Kenbrell Thompkins,8126,WR,14,OAK,117,2,5,2.5,0,60.3,59.5,81.3,67.9,5,2.5,7,0,0,0,2,1
2014,Matt McGloin,8374,QB,1,OAK,4,2,3,1.5,0,52.2,57.1,75.8,60,0,0,3,1,0,0,0,0
2014,Sammy Watkins,8639,WR,16,BUF,366,2,8,4,0,69.3,58.6,47,78.2,3,1.5,5,1,0,1,6,0
2014,Evan Smith,5390,C,15,TB,303,2,0,0,0,67.6,60,7.7,71.6,0,0,0,0,0,3,5,1
2014,Bruce Gradkowski,3139,QB,1,PIT,6,2,-2,-1,0,61.3,60,65.2,60,0,0,0,0,0,0,0,0
2014,Jarvis Landry,8698,WR,16,MIA,208,2,-4,-2,0,78,46.7,29.1,78.4,2,1,4,0,1,1,0,0
2014,T.Y. Hilton,7092,WR,15,IND,222,2,20,10,0,84.2,67.4,24.7,67.3,0,0,15,1,0,3,0,0
2014,Brandon LaFell,5602,WR,16,NE,332,2,13,6.5,0,75.3,59.5,52.8,75.3,2,1,9,0,0,1,6,0
2014,Andre Roberts,5612,WR,16,WAS,195,2,21,10.5,0,61.2,59.1,44.2,75,12,6,19,1,2,1,0,0
2014,A.J. Jenkins,7034,WR,9,KC,84,2,-2,-1,0,53.5,31.2,20.8,59.7,0,0,0,0,0,1,0,0
2014,Jeremy Ross,6476,WR,16,DET,219,2,-1,-0.5,0,59.7,52.1,26.6,79.2,2,1,4,0,0,1,1,0
2014,Virgil Green,6356,TE,13,DEN,250,2,3,1.5,0,76.3,60.9,70.6,79.1,7,3.5,3,0,2,0,0,0
2014,Taylor Gabriel,9002,WR,16,CLV,251,2,-2,-1,0,74.6,50.9,79.4,84.2,2,1,8,0,0,0,0,0
2014,Ray Agnew,9141,FB,12,CLV,125,2,2,1,0,54,58.8,68.7,61.4,2,1,2,1,1,0,1,0
2014,Kenny Britt,4953,WR,16,SL,280,2,14,7,0,74.6,59.5,79.5,68.1,4,2,12,1,0,0,5,1
2014,Rob Housler,6221,TE,15,ARZ,169,1,1,1,0,61.4,61.8,71.7,60.6,0,0,1,1,0,0,2,0
2014,Charles Johnson,7998,WR,12,MIN,150,1,-11,-11,0,67.6,56.5,28,75.6,-1,-1,0,0,0,1,3,0
2014,Bryan Walters,6139,WR,13,SEA,44,1,-2,-2,0,58.8,57.2,84,57,0,0,0,0,0,0,0,0
2014,Chris Givens,7096,WR,14,SL,64,1,4,4,0,56.2,59.2,76.1,70.2,0,0,4,0,0,0,2,0
2014,Vernon Davis,2951,TE,14,SF,335,1,4,4,0,53.8,63.9,76.9,64.3,3,3,4,1,0,0,3,0
2014,Josh Huff,8721,WR,12,PHI,94,1,7,7,0,58.3,62.5,28.1,91.7,2,2,7,1,1,1,1,0
2014,Blaine Gabbert,6162,QB,1,SF,1,0,5,5,0,55,58.3,70.3,60,4,4,5,0,0,0,0,0
2014,Tommy Bohanon,7997,FB,4,NYJ,26,1,3,3,0,63,61.4,66.2,47.1,2,2,3,1,0,0,0,0
2014,Ryan Hewitt,9107,FB,16,CIN,286,1,0,0,0,75.2,58.9,72.1,80.3,1,1,0,0,0,0,1,0
2014,Will Tukuafu,7764,FB,9,SEA,114,1,2,2,0,57.1,62.4,64.6,56.5,2,2,2,1,0,0,0,0
2014,Greg Salas,6264,WR,10,NYJ,81,1,20,20,1,62.7,63.1,80.3,70.5,3,3,20,1,0,0,0,0
2014,Stedman Bailey,7873,WR,14,SL,110,1,13,13,0,74,62.1,81.3,72.5,6,6,13,1,0,0,1,0
2014,Michael Floyd,7019,WR,16,ARZ,292,1,2,2,0,69.4,,20,91.2,1,1,2,0,0,3,3,0
2014,Joe McKnight,5636,HB,1,KC,3,1,3,3,0,88.4,59.5,72.8,60,1,1,3,0,0,0,0,0
2014,Jason Campbell,2242,QB,4,CIN,9,0,1,1,0,53.4,55.7,75.4,60,1,1,1,0,0,1,0,0
2014,Tauren Poole,7522,HB,1,CAR,1,1,0,0,0,28.6,40.8,16.2,,0,0,0,0,0,1,0,0
2014,DeAndre Presley,7548,WR,3,CAR,7,1,-2,-2,0,45.6,59.2,61.9,59.7,2,2,0,0,0,0,1,1
2014,Joe Morgan,6696,WR,5,NO,49,1,67,67,0,57,70,68.3,73,8,8,67,1,0,0,1,0
2014,Ricardo Lockette,6622,WR,16,SEA,86,1,2,2,0,67.5,59.2,72.5,66.4,2,2,2,0,0,0,3,0
2014,Doug Baldwin,6615,WR,16,SEA,345,1,8,8,0,77.4,63.2,87.6,74.7,5,5,8,0,1,0,0,0
2014,Dane Sanzenbacher,6570,WR,10,CIN,66,1,-1,-1,0,50.2,56.6,19.9,37.4,2,2,0,0,1,1,2,0
2014,Scott Wells,1965,C,16,SL,382,1,0,0,0,55.1,60,16.2,59.4,0,0,0,0,0,5,6,0
2014,Robert Herron,8820,WR,7,TB,17,1,0,0,0,46.7,56.6,69.8,60.8,1,1,0,0,0,0,0,0
2014,Michael Crabtree,4933,WR,16,SF,215,1,4,4,0,66.1,56.7,81.2,64.8,2,2,4,0,0,0,4,3
2014,Julio Jones,6158,WR,15,ATL,245,1,1,1,0,89.8,63.4,34.8,80.2,0,0,1,0,0,2,2,0
2014,Jerrel Jernigan,6235,WR,2,NYG,33,1,-2,-2,0,55.4,58.5,69.8,59.3,2,2,0,0,0,0,0,0
2014,Quinton Patton,7910,WR,4,SF,40,1,20,20,0,51.8,45.7,16.4,73.2,5,5,20,1,0,1,0,0
2014,Denarius Moore,6300,WR,8,OAK,61,1,1,1,0,51.7,58.5,77.3,56.7,1,1,1,0,0,0,0,0
2014,Josh Brown,1520,K,1,NYG,1,1,0,0,0,60,60,61.9,,0,0,0,0,0,0,0,0
2014,Kenny Stills,7926,WR,15,NO,139,1,-2,-2,0,78.4,53.6,56.3,64.1,0,0,0,0,0,1,1,0
2014,Solomon Patton,8998,WR,2,TB,1,1,19,19,0,49.4,56.6,83.2,,0,0,19,1,0,0,0,0
2014,Chris Williams,5321,WR,5,CHI,7,1,-8,-8,0,42.6,56.6,82.5,54.5,0,0,0,0,0,0,1,0
2014,Jordan Palmer,3821,QB,1,TEN,2,1,-1,-1,0,46.1,60,67.4,60,0,0,0,0,0,0,0,0
2014,Tim Wright,8392,TE,16,NE,78,1,-2,-2,0,61.9,56.2,76,51.4,0,0,0,0,0,0,2,0
2014,Derek Carrier,7406,TE,10,SF,84,1,2,2,0,69.2,63,20.2,71.9,2,2,2,1,0,1,1,0
2014,Jared Cook,5012,TE,16,SL,228,1,0,0,0,72.4,58.7,80.3,71,2,2,0,0,0,0,6,1
2014,Chris Owusu,7276,WR,7,NYJ,45,1,23,23,1,70.1,69.8,72.8,58.8,5,5,23,1,1,0,0,0
2014,Edwin Baker,7231,HB,1,NO,3,1,2,2,0,69.4,62.8,61.9,60,3,3,2,1,0,0,0,0
2014,Anquan Boldin,1369,WR,16,SF,358,1,4,4,0,79.3,56.9,84.7,81.9,2,2,4,0,0,0,6,2
2014,Rishard Matthews,7211,WR,14,MIA,94,1,3,3,0,64.9,61.5,25.1,72.1,2,2,3,0,1,1,1,0
2014,Jalen Parmele,4490,HB,1,ARZ,1,1,0,0,0,57,58.7,61.9,60,0,0,0,0,0,0,0,0
2014,Matt Simms,7423,QB,1,NYJ,3,1,2,2,0,52.5,58.2,71.1,60,0,0,2,1,0,0,0,0
2014,Nick Toon,7122,WR,7,NO,60,1,4,4,0,64.4,63.4,23.6,68.4,4,4,4,0,0,1,0,0
2014,Jason Avant,3054,WR,16,KC,162,1,1,1,0,62.8,59.5,77.5,80.6,0,0,1,0,0,0,1,0